system,p,q,k,log10_err,coc
1a,0,0,2,-1.0812587539217504,1.5835254222827873
1a,0,0,3,-1.7951080168461349,1.7445128485321468
1a,0,0,4,-3.156333653394284,1.9068810563335115
1a,0,0,5,-5.861907172735783,1.9876010609103736
1a,0,0,6,-11.27227089948306,1.9997104821103093
1a,0,0,7,-22.09299680547616,1.9999997139746
1a,0,0,8,-43.73444861745635,1.999999999999444
1a,0,0,9,-87.01735224141673,2.0
1a,0,0,10,-173.5831594893375,2.0
1a,0,0,11,-346.714773985179,2.0
1a,0,0,12,-692.9780029768621,2.0
1a,0,0,13,-1385.5044609602282,2.0
1a,1,0,2,-1.6027774500402359,2.050024693345122
1a,1,0,3,-3.6803279976924927,2.599372796057085
1a,1,0,4,-9.837528482622458,2.9636826366934517
1a,1,0,5,-28.308465465674296,2.9998920821662893
1a,1,0,6,-83.72127641436697,2.999999999974942
1a,1,0,7,-249.95970926044498,3.0
1a,1,0,8,-748.675007798679,3.0
1a,1,0,9,-1500.6345283849462,1.5077931693499438
1a,0,1,2,-1.9567084606588903,2.2873410343750495
1a,0,1,3,-4.985369929029603,2.820869847488819
1a,0,1,4,-14.053036960075085,2.993951990257759
1a,0,1,5,-41.25602089323333,2.9999981075641458
1a,0,1,6,-122.86497269270804,2.9999999999999996
1a,0,1,7,-367.69182809113215,3.0
1a,0,1,8,-1102.1723942864046,3.0
1a,1,1,2,-4.031324324865276,3.3694047470101482
1a,1,1,3,-15.087209983327135,3.963086295273552
1a,1,1,4,-59.31058264032576,3.9999846256687106
1a,1,1,5,-236.20407326832026,4.0
1a,1,1,6,-943.7780357802983,4.0
1a,2,0,2,-2.1937425806860715,2.547629197541676
1a,2,0,3,-6.802974386098282,3.6056926583561504
1a,2,0,4,-25.205729659909192,3.9925861945589705
1a,2,0,5,-98.81674990464167,3.9999999537834876
1a,2,0,6,-393.26083088357154,4.0
1a,2,0,7,-1500.6345283849462,3.7608964453274822
1a,2,1,2,-5.309309357524872,3.067910493262978
1a,2,1,3,-20.168790823093588,4.0245880798836255
1a,2,1,4,-79.6067345312334,4.000001200974945
1a,2,1,5,-317.3585093637926,4.0
1a,2,1,6,-1268.3656086940296,4.0
1a,1,2,2,-3.737520042343094,3.0279238499738614
1a,1,2,3,-13.881202818473847,4.059647488604724
1a,1,2,4,-54.456382512754395,4.000044223559375
1a,1,2,5,-216.75710128987663,4.000000000000001
1a,1,2,6,-865.9599763983655,4.0
1b,0,0,2,-2.2503442147971437,1.813982411569551
1b,0,0,3,-4.72491646365265,1.9692760280366235
1b,0,0,4,-9.671689677177312,1.9990417397643387
1b,0,0,5,-19.56522810406142,1.9999983827507595
1b,0,0,6,-39.35230495773919,1.9999999999908593
1b,0,0,7,-78.92645866509474,2.0
1b,0,0,8,-158.07476607980584,2.0
1b,0,0,9,-316.37138090922804,2.0
1b,0,0,10,-632.9646105680724,2.0
1b,0,0,11,-1266.1510698857612,2.0
1b,1,0,2,-4.498754664148529,2.6851311285782953
1b,1,0,3,-13.638963326459344,2.9883372441549407
1b,1,0,4,-41.059557482946786,2.9999965175362866
1b,1,0,5,-123.32133995240908,2.999999999999999
1b,1,0,6,-370.106687360796,3.0
1b,1,0,7,-1110.4627295859566,3.0
1b,0,1,2,-5.341797313732535,2.7995007443069895
1b,0,1,3,-16.46909233989615,2.995979923302332
1b,0,1,4,-49.85097451892116,2.9999997394276123
1b,0,1,5,-149.9966210559962,3.0
1b,0,1,6,-450.4335606672213,3.0
1b,0,1,7,-1351.7443795008967,3.0
1b,1,1,2,-10.08863702451717,3.8177973502690716
1b,1,1,3,-41.1090354303216,3.99950738812864
1b,1,1,4,-165.19062905347226,3.999999999997838
1b,1,1,5,-661.5170035460749,4.0
1b,1,1,6,-1501.0219592749443,1.6914373260681548
1b,2,0,2,-7.303248650739903,3.597707093102702
1b,2,0,3,-29.195961344769866,3.9955761054008923
1b,2,0,4,-116.76681203978069,3.9999999962951582
1b,2,0,5,-467.05021481982396,4.0
1b,2,0,6,-1500.9536232643281,2.9516197462936398
1b,2,1,2,-15.463775249939973,4.615059697174171
1b,2,1,3,-63.782625730783174,3.877178626310849
1b,2,1,4,-257.05671670897175,3.9999728688664744
1b,2,1,5,-1030.153080621726,4.0
1b,1,2,2,-16.264111038428915,5.20905221594586
1b,1,2,3,-66.9821029902492,3.7871449977762532
1b,1,2,4,-269.8546257468359,4.000010941862723
1b,1,2,5,-1081.3447167731827,4.0
1g,0,0,2,-1.2254212306949943,1.9560583384539911
1g,0,0,3,-3.2059209917227722,2.240995924224149
1g,0,0,4,-7.4751749434816706,2.155644769956132
1g,0,0,5,-16.322670049030172,2.072374987649401
1g,0,0,6,-34.322649718562865,2.0344718425720765
1g,0,0,7,-70.62560832011356,2.0168333113730212
1g,0,0,8,-143.5335375557106,2.0083192126517972
1g,0,0,9,-289.65091639428283,2.004135632029868
1g,0,0,10,-582.1869490915769,2.002061869864792
1g,0,0,11,-1167.5601669537668,2.0010294542686764
1g,1,0,2,-2.9760295534707666,3.156099809508438
1g,1,0,3,-10.904167910384668,3.3828768845588293
1g,1,0,4,-35.66109026026372,3.122665275926883
1g,1,0,5,-110.89217617713896,3.0387899131267737
1g,1,0,6,-337.5416942422022,3.0127109731673167
1g,1,0,7,-1018.4451627031468,3.0042131758051243
1g,0,1,2,-3.72554530835053,3.3434739437454786
1g,0,1,3,-13.537205405450624,3.3230617582596342
1g,0,1,4,-43.94317815635155,3.0989631163321305
1g,0,1,5,-136.1208706092273,3.0315653180391853
1g,0,1,6,-413.61002803413965,3.0103721414676747
1g,0,1,7,-1247.0323546361221,3.0034410509444998
1g,1,1,2,-7.4751749434816706,4.679484123076874
1g,1,1,3,-34.322649718562865,4.2957652427411075
1g,1,1,4,-143.5335375557106,4.067827188667782
1g,1,1,5,-582.1869490915769,4.016572158903919
1g,2,0,2,-5.251513954430129,4.404975672832219
1g,2,0,3,-24.524006533988157,4.410512489593005
1g,2,0,4,-103.43746740647796,4.0946162281152905
1g,2,0,5,-420.9017887249292,4.0229425728953565
1g,2,1,2,-11.759914075843032,5.8974758033676284
1g,2,1,3,-65.36008907408556,5.281258215833448
1g,2,1,4,-336.1701075161036,5.0524092216284275
1g,1,2,2,-12.426983559829553,5.928076257579649
1g,1,2,3,-68.9200813292866,5.266186577381232
1g,1,2,4,-354.1943496848981,5.049718985490734
