system,n,p,q,form,order,converged,status,iters,nf,nJ,nfact,nsolve,nsolve_mat,nmatmul,residual,time_median,time_min,time_q1,time_q3,ops_per_iter,ops_total
1f cyclic product,601,0,0,generic,2,True,converged,6,7,6,6,6,0,0,0.0,0.04314094099999011,0.04280690100000584,0.04312332099999594,0.043204788999958055,72721801.33333333,436330808.0
1f cyclic product,601,1,0,cheap,3,True,converged,5,6,10,5,10,0,0,0.0,0.043080008999993424,0.042682619999993676,0.04271376100001589,0.043111001999989185,73444203.33333333,367221016.6666666
1f cyclic product,601,2,0,cheap,4,True,converged,4,5,8,4,12,0,0,0.0,0.03479433800004017,0.03396810999998934,0.034667409000007865,0.03490937499998381,74166605.33333333,296666421.3333333
1f cyclic product,601,1,1,cheap,4,True,converged,4,5,8,8,8,0,0,0.0,0.06673757200002228,0.06473619899998084,0.06631283299998358,0.06674718300001814,146166004.66666666,584664018.6666666
1f cyclic product,801,0,0,generic,2,True,converged,6,7,6,6,6,0,0,0.0,0.07736860099998921,0.0770737869999607,0.07715086600001086,0.07799918099999559,171949068.0,1031694408.0
1f cyclic product,801,1,0,cheap,3,True,converged,5,6,10,5,10,0,0,0.0,0.07294606599998588,0.07211590499997556,0.0727361480000468,0.07375469600003726,173232270.0,866161350.0
1f cyclic product,801,2,0,cheap,4,True,converged,4,5,8,4,12,0,0,0.0,0.05941172699999697,0.05839716700000963,0.05917752000004839,0.059886133000020436,174515472.0,698061888.0
1f cyclic product,801,1,1,cheap,4,True,converged,4,5,8,8,8,0,0,0.0,0.120439862000012,0.11905742800001917,0.11958386700001711,0.12152642099999866,345181338.0,1380725352.0
1f cyclic product,1201,0,0,generic,2,True,converged,6,7,6,6,6,0,0,0.0,0.23087101499999108,0.21952886000002536,0.22288701899998387,0.23157902200000535,578883601.3333334,3473301608.0
1f cyclic product,1201,1,0,cheap,3,True,converged,5,6,10,5,10,0,0,0.0,0.2077956829999721,0.18761714499999016,0.19533468899999207,0.24374586800001907,581768403.3333334,2908842016.666667
1f cyclic product,1201,2,0,cheap,4,True,converged,4,5,8,4,12,0,0,0.0,0.15731480900001316,0.15132134700002098,0.1570680769999626,0.1801826599999572,584653205.3333334,2338612821.3333335
1f cyclic product,1201,1,1,cheap,4,True,converged,4,5,8,8,8,0,0,0.0,0.333752813999979,0.3187989850000008,0.3310231619999513,0.3425779919999741,1160652004.6666667,4642608018.666667
1f cyclic product,1601,0,0,generic,2,True,converged,6,7,6,6,6,0,0,0.0,0.4476493330000153,0.44410065899995743,0.4460223819999669,0.4485844910000196,1370458134.6666667,8222748808.0
1f cyclic product,1601,1,0,cheap,3,True,converged,5,6,10,5,10,0,0,0.0,0.41020191900003056,0.4016800300000227,0.4088613989999885,0.41120391500004416,1375584536.6666667,6877922683.333334
1f cyclic product,1601,2,0,cheap,4,True,converged,4,5,8,4,12,0,0,0.0,0.33433776700002227,0.3256830590000277,0.33297657499997513,0.3343551609999622,1380710938.6666667,5522843754.666667
1f cyclic product,1601,1,1,cheap,4,True,converged,4,5,8,8,8,0,0,0.0,0.6735461289999876,0.6510033879999924,0.6538703440000404,0.6882018360000188,2746042671.3333335,10984170685.333334
7c cyclic cubic,601,0,0,generic,2,True,converged,8,9,8,8,8,0,0,0.0,0.04400626899996496,0.043858870999997634,0.04388499499998488,0.04670028700002149,72721801.33333333,581774410.6666666
7c cyclic cubic,601,1,0,cheap,3,True,converged,6,7,12,6,12,0,0,0.0,0.03740601999999171,0.03625389799998402,0.036395595999977104,0.03750517199995329,73444203.33333333,440665220.0
7c cyclic cubic,601,2,0,cheap,4,True,converged,5,6,10,5,15,0,0,0.0,0.03192377499999566,0.03142196999999669,0.03188500300001351,0.032369723999977396,74166605.33333333,370833026.6666666
7c cyclic cubic,601,1,1,cheap,4,True,converged,5,6,10,10,10,0,0,0.0,0.06162746399996877,0.06101029600000629,0.06160526299998992,0.06292667000002439,146166004.66666666,730830023.3333333
7c cyclic cubic,801,0,0,generic,2,True,converged,8,9,8,8,8,0,0,0.0,0.09120328400001654,0.09011772800005247,0.0910503750000089,0.09293510800000604,171949068.0,1375592544.0
7c cyclic cubic,801,1,0,cheap,3,True,converged,6,7,12,6,12,0,0,0.0,0.074379418000035,0.07291426399996226,0.07409721099998023,0.0745309899999711,173232270.0,1039393620.0
7c cyclic cubic,801,2,0,cheap,4,True,converged,5,6,10,5,15,0,0,0.0,0.06375374099997089,0.06332177400003047,0.06346546999998282,0.06459633499997608,174515472.0,872577360.0
7c cyclic cubic,801,1,1,cheap,4,True,converged,5,6,10,10,10,0,0,0.0,0.12719665599996688,0.12672971000000643,0.1267343089999713,0.12880701399996042,345181338.0,1725906690.0
7c cyclic cubic,1201,0,0,generic,2,True,converged,8,9,8,8,8,0,0,0.0,0.27132611600001155,0.26740657499999543,0.26796444899997596,0.27874582200001896,578883601.3333334,4631068810.666667
7c cyclic cubic,1201,1,0,cheap,3,True,converged,6,7,12,6,12,0,0,0.0,0.22119400700000824,0.21579794800004493,0.22038808600001403,0.22337464399998908,581768403.3333334,3490610420.0
7c cyclic cubic,1201,2,0,cheap,4,True,converged,5,6,10,5,15,0,0,0.0,0.19470269999999346,0.19107005799997978,0.19423328300001685,0.19478502599997682,584653205.3333334,2923266026.666667
7c cyclic cubic,1201,1,1,cheap,4,True,converged,5,6,10,10,10,0,0,0.0,0.4173827909999659,0.41061884999999165,0.4150645420000387,0.41814461799998526,1160652004.6666667,5803260023.333334
7c cyclic cubic,1601,0,0,generic,2,True,converged,8,9,8,8,8,0,0,0.0,0.6023618760000318,0.5922457959999861,0.5968859269999598,0.614285762999998,1370458134.6666667,10963665077.333334
7c cyclic cubic,1601,1,0,cheap,3,True,converged,6,7,12,6,12,0,0,0.0,0.49526999900001556,0.4829426489999946,0.48338233699996636,0.5022415990000013,1375584536.6666667,8253507220.0
7c cyclic cubic,1601,2,0,cheap,4,True,converged,5,6,10,5,15,0,0,0.0,0.40695657100002336,0.3937802050000414,0.4016749680000089,0.42281972800003587,1380710938.6666667,6903554693.333334
7c cyclic cubic,1601,1,1,cheap,4,True,converged,5,6,10,10,10,0,0,0.0,0.8286572990000423,0.8120283229999927,0.8168377549999946,0.8362935769999922,2746042671.3333335,13730213356.666668
Bratu,601,0,0,generic,2,True,converged,5,6,5,5,5,0,0,1.9308285439251227e-16,0.02771397800000841,0.027575780999995914,0.02767024899998205,0.02779681399999845,72721801.33333333,363609006.6666666
Bratu,601,1,0,cheap,3,True,converged,4,5,8,4,8,0,0,2.1088071068021963e-16,0.024544351000031384,0.024401556999976037,0.024473330999967402,0.024831398000003446,73444203.33333333,293776813.3333333
Bratu,601,2,0,cheap,4,True,converged,4,5,8,4,12,0,0,1.9041300654276672e-16,0.02550931500002207,0.02520780200001127,0.02543401400004086,0.02575652800004491,74166605.33333333,296666421.3333333
Bratu,601,1,1,cheap,4,True,converged,4,5,8,8,8,0,0,2.0461436093643232e-16,0.04963591399996403,0.04932601800004477,0.04942277100002457,0.04969778800000313,146166004.66666666,584664018.6666666
Bratu,801,0,0,generic,2,True,converged,5,6,5,5,5,0,0,1.8996746721251095e-16,0.05874275500002568,0.05701492999997981,0.05788237499996285,0.05953176399998483,171949068.0,859745340.0
Bratu,801,1,0,cheap,3,True,converged,4,5,8,4,8,0,0,1.8993019776283177e-16,0.05141657899997654,0.05078048200005014,0.05133819600001743,0.05184845899998436,173232270.0,692929080.0
Bratu,801,2,0,cheap,4,True,converged,4,5,8,4,12,0,0,2.0666756880057674e-16,0.053013363000047775,0.05142872499999385,0.05174574400001575,0.054955746000018735,174515472.0,698061888.0
Bratu,801,1,1,cheap,4,True,converged,4,5,8,8,8,0,0,2.1248329701642477e-16,0.1061279599999807,0.1037406629999964,0.10527105400001346,0.11025577200001635,345181338.0,1380725352.0
Bratu,1201,0,0,generic,2,True,converged,5,6,5,5,5,0,0,1.8801082110435352e-16,0.1730704360000459,0.16762592599997106,0.17122645700010253,0.17491224800005511,578883601.3333334,2894418006.666667
Bratu,1201,1,0,cheap,3,True,converged,4,5,8,4,8,0,0,1.8082755819516343e-16,0.14915399699998488,0.14771367700001292,0.14887407300000177,0.15106381300006433,581768403.3333334,2327073613.3333335
Bratu,1201,2,0,cheap,4,True,converged,4,5,8,4,12,0,0,2.008327823434155e-16,0.1525783089999777,0.150334470999951,0.15196074699997553,0.15285342200002106,584653205.3333334,2338612821.3333335
Bratu,1201,1,1,cheap,4,True,converged,4,5,8,8,8,0,0,1.9661244068372094e-16,0.3298198840000168,0.32356910399994376,0.3246168560000342,0.3316510299999891,1160652004.6666667,4642608018.666667
Bratu,1601,0,0,generic,2,True,converged,5,6,5,5,5,0,0,2.1081379507738654e-16,0.3788182719999895,0.3732402830000865,0.37598390499999823,0.38028956699997707,1370458134.6666667,6852290673.333334
Bratu,1601,1,0,cheap,3,True,converged,4,5,8,4,8,0,0,1.8405517724067594e-16,0.3255771780000032,0.3233984959999816,0.3235482339999862,0.33964452999998684,1375584536.6666667,5502338146.666667
Bratu,1601,2,0,cheap,4,True,converged,4,5,8,4,12,0,0,2.0454786885007285e-16,0.323777793999966,0.3180691550001029,0.32215978400006406,0.3280901589999985,1380710938.6666667,5522843754.666667
Bratu,1601,1,1,cheap,4,True,converged,4,5,8,8,8,0,0,1.9490566929500353e-16,0.6644320679999964,0.6422264390000691,0.6597780609999973,0.6684443430000329,2746042671.3333335,10984170685.333334
H-equation c=0.99,601,0,0,generic,2,True,converged,7,8,7,7,7,0,0,1.3322676295501878e-15,0.04611842600002092,0.04420073400001456,0.045146498999997675,0.04743893299996671,72721801.33333333,509052609.3333333
H-equation c=0.99,601,1,0,cheap,3,True,converged,5,6,10,5,10,0,0,1.3322676295501878e-15,0.03917182500003946,0.03857827499996347,0.03861906600002385,0.03919093299998622,73444203.33333333,367221016.6666666
H-equation c=0.99,601,2,0,cheap,4,True,converged,5,6,10,5,15,0,0,1.3322676295501878e-15,0.039570206999997026,0.03940981100004137,0.03949361799993767,0.039735590999953274,74166605.33333333,370833026.6666666
H-equation c=0.99,601,1,1,cheap,4,True,converged,4,5,8,8,8,0,0,1.7763568394002505e-15,0.054795999999896594,0.05415949100006401,0.05428436399995462,0.05637682299993685,146166004.66666666,584664018.6666666
H-equation c=0.99,801,0,0,generic,2,True,converged,7,8,7,7,7,0,0,1.3322676295501878e-15,0.09158907900007307,0.08993908900004044,0.09004508300006364,0.09370805000003202,171949068.0,1203643476.0
H-equation c=0.99,801,1,0,cheap,3,True,converged,5,6,10,5,10,0,0,1.3322676295501878e-15,0.08051021500000388,0.07858509000004688,0.07916221499999665,0.08053880899990418,173232270.0,866161350.0
H-equation c=0.99,801,2,0,cheap,4,True,converged,5,6,10,5,15,0,0,1.3322676295501878e-15,0.08169056099995942,0.07785863399999471,0.0807918419999396,0.08197918899998058,174515472.0,872577360.0
H-equation c=0.99,801,1,1,cheap,4,True,converged,4,5,8,8,8,0,0,1.1102230246251565e-15,0.11893227899997783,0.11438894299999447,0.11609438200002842,0.1192432650000228,345181338.0,1380725352.0
H-equation c=0.99,1201,0,0,generic,2,True,converged,7,8,7,7,7,0,0,1.7763568394002505e-15,0.2833281549999356,0.2651784590000261,0.26989463299992167,0.2959686540000348,578883601.3333334,4052185209.3333335
H-equation c=0.99,1201,1,0,cheap,3,True,converged,5,6,10,5,10,0,0,1.3322676295501878e-15,0.23900898100009726,0.23241103199995905,0.23273670499997934,0.24876269900005354,581768403.3333334,2908842016.666667
H-equation c=0.99,1201,2,0,cheap,4,True,converged,5,6,10,5,15,0,0,1.7763568394002505e-15,0.23642882100000406,0.2309544409999944,0.23517249799999718,0.2471075400000018,584653205.3333334,2923266026.666667
H-equation c=0.99,1201,1,1,cheap,4,True,converged,4,5,8,8,8,0,0,1.3322676295501878e-15,0.3559802300000001,0.34510875199998736,0.3463128810000171,0.35890184599998065,1160652004.6666667,4642608018.666667
H-equation c=0.99,1601,0,0,generic,2,True,converged,7,8,7,7,7,0,0,1.3322676295501878e-15,0.5648389159999851,0.5465100999999777,0.5633007530000214,0.573309246000008,1370458134.6666667,9593206942.666668
H-equation c=0.99,1601,1,0,cheap,3,True,converged,5,6,10,5,10,0,0,1.3322676295501878e-15,0.5164325529999587,0.5113544890000412,0.5158770159999904,0.5183383719999028,1375584536.6666667,6877922683.333334
H-equation c=0.99,1601,2,0,cheap,4,True,converged,5,6,10,5,15,0,0,1.3322676295501878e-15,0.535969917999978,0.5288546229999156,0.5351080699999784,0.5479083239999909,1380710938.6666667,6903554693.333334
H-equation c=0.99,1601,1,1,cheap,4,True,converged,4,5,8,8,8,0,0,1.7763568394002505e-15,0.7262060140000131,0.7185771339999292,0.7215287639999133,0.7264573960000007,2746042671.3333335,10984170685.333334
