family,eps,p,q,solver,runs,converged_rate,accurate_rate,med_iters,med_time,med_fwd_error,med_residual
CosDiag,,0,0,LM,100,1.0,1.0,32.0,0.001976993499965829,1.027706044800002e-08,0.0
CosDiag,,0,0,LM-N,100,1.0,1.0,32.0,0.002303215999972963,1.027706044800002e-08,0.0
CosDiag,,0,0,LU,100,1.0,1.0,28.0,0.0013042114999848309,1.023950124810178e-08,0.0
CosDiag,,0,0,TSVD,100,1.0,1.0,28.0,0.0015652105000185657,1.0243510785565968e-08,0.0
CosDiag,,0,1,LM,100,1.0,1.0,20.0,0.002676050500042493,1.0212450855667767e-08,0.0
CosDiag,,0,1,LM-N,100,1.0,1.0,23.0,0.0031950055000038446,1.0317136468850685e-08,0.0
CosDiag,,0,1,LU,100,1.0,1.0,19.0,0.002106752999964101,1.0348227755669251e-08,0.0
CosDiag,,0,1,TSVD,100,1.0,1.0,19.0,0.0023590564999835806,1.0341547435933463e-08,0.0
CosDiag,,1,0,LM,100,1.0,1.0,23.0,0.00241102900002943,1.0148411556663692e-08,0.0
CosDiag,,1,0,LM-N,100,1.0,1.0,25.0,0.0027577455000482587,1.0160784155079647e-08,0.0
CosDiag,,1,0,LU,100,1.0,1.0,21.0,0.001796694999995907,1.0202475479651786e-08,0.0
CosDiag,,1,0,TSVD,100,1.0,1.0,21.0,0.001686235000022407,1.0189622977562621e-08,0.0
CosDiag,,1,1,LM,100,0.0,0.0,200.0,0.026216546000000562,3.1362663956300807,1.9999858155128234
CosDiag,,1,1,LM-N,100,1.0,1.0,22.0,0.0032180520000224533,1.0275035893953066e-08,0.0
CosDiag,,1,1,LU,100,1.0,1.0,18.0,0.0021090174999471856,1.0293636510773322e-08,0.0
CosDiag,,1,1,TSVD,100,1.0,1.0,18.0,0.0023360220000085974,1.0281123521811326e-08,0.0
CosDiag,,2,1,LM,100,0.0,0.0,200.0,0.026718462000019372,2.1666230038794376,1.5611931742829221
CosDiag,,2,1,LM-N,100,1.0,1.0,20.0,0.002950099000031514,1.031525221970147e-08,0.0
CosDiag,,2,1,LU,100,1.0,1.0,15.0,0.001927133999970465,1.0270461463233418e-08,0.0
CosDiag,,2,1,TSVD,100,1.0,1.0,15.0,0.0020874810000464095,1.0271244044960924e-08,0.0
H-eq c=1,,0,0,LM,100,0.07,0.07,50.0,0.005280923499981327,,1.3322676295501878e-15
H-eq c=1,,0,0,LM-N,100,0.07,0.07,50.0,0.006603436499972304,,1.3322676295501878e-15
H-eq c=1,,0,0,LU,100,0.0,0.0,200.0,0.015216235000025335,,1.3322676295501878e-15
H-eq c=1,,0,0,TSVD,100,1.0,1.0,26.0,0.007519165499957126,,1.3322676295501878e-15
H-eq c=1,,0,1,LM,100,0.01,0.01,30.0,0.007599030999983825,,1.3322676295501878e-15
H-eq c=1,,0,1,LM-N,100,0.01,0.01,43.0,0.011303076500041698,,1.3322676295501878e-15
H-eq c=1,,0,1,LU,100,0.02,0.02,200.0,0.0413650264999319,,1.7763568394002505e-15
H-eq c=1,,0,1,TSVD,100,1.0,1.0,17.0,0.007873307500005922,,1.2212453270876722e-15
H-eq c=1,,1,0,LM,100,0.03,0.03,39.5,0.008369113500066305,,1.3322676295501878e-15
H-eq c=1,,1,0,LM-N,100,0.01,0.01,44.5,0.009506764000093426,,1.3322676295501878e-15
H-eq c=1,,1,0,LU,100,0.0,0.0,200.0,0.03242228250002199,,2.220446049250313e-15
H-eq c=1,,1,0,TSVD,100,1.0,1.0,19.0,0.006856191499934994,,1.3322676295501878e-15
H-eq c=1,,1,1,LM,100,0.0,0.0,200.0,0.0519790769999986,,4.651633837460883
H-eq c=1,,1,1,LM-N,100,0.04,0.04,39.0,0.010549528500007455,,1.3322676295501878e-15
H-eq c=1,,1,1,LU,100,0.0,0.0,200.0,0.04232674349998433,,1.7763568394002505e-15
H-eq c=1,,1,1,TSVD,100,1.0,1.0,14.0,0.006563784000036321,,1.1102230246251565e-15
H-eq c=1,,2,1,LM,100,0.0,0.0,200.0,0.05233930450003754,,0.5680384138548346
H-eq c=1,,2,1,LM-N,100,0.02,0.02,37.0,0.009707701999957408,,1.3322676295501878e-15
H-eq c=1,,2,1,LU,100,0.01,0.01,200.0,0.04295238900004961,,1.7763568394002505e-15
H-eq c=1,,2,1,TSVD,100,1.0,1.0,13.0,0.00617917300002091,,8.881784197001252e-16
NearSing,1e-10,0,0,LM,100,0.0,0.0,28.5,0.0015523129999905905,6.707190579124944e-05,2.284364250362118e-13
NearSing,1e-10,0,0,LM-N,100,0.0,0.0,28.5,0.001733900500028085,6.707190579124944e-05,2.284364250362118e-13
NearSing,1e-10,0,0,LU,100,0.85,0.47,38.0,0.0015881170000398015,1.0970211095084892e-06,3.654065193690377e-22
NearSing,1e-10,0,0,TSVD,100,1.0,0.0,25.0,0.001126672999987477,9.5934459958813e-05,4.464121183202842e-13
NearSing,1e-10,0,1,LM,100,0.0,0.01,19.0,0.0020763245000239294,6.449560846066849e-05,1.523510838390077e-13
NearSing,1e-10,0,1,LM-N,100,0.0,0.0,20.0,0.002286638999976276,6.385680116582915e-05,1.5755786758195948e-13
NearSing,1e-10,0,1,LU,100,1.0,0.4,24.5,0.0023311174999776085,1.0970210866378949e-06,1.1501504414339608e-22
NearSing,1e-10,0,1,TSVD,100,1.0,0.0,16.0,0.0016983715000264965,8.93316551200396e-05,3.609335053056384e-13
NearSing,1e-10,1,0,LM,100,0.0,0.0,21.0,0.0017624645000182682,6.54847858986285e-05,1.9272726391950205e-13
NearSing,1e-10,1,0,LM-N,100,0.0,0.0,22.0,0.002133926999988489,6.585048180429709e-05,1.6996799375815582e-13
NearSing,1e-10,1,0,LU,100,1.0,0.47,28.0,0.0020307899999920664,1.0970209473604164e-06,8.588469032986605e-23
NearSing,1e-10,1,0,TSVD,100,1.0,0.0,18.0,0.0012174949999916862,9.053782351520212e-05,3.7569947153315297e-13
NearSing,1e-10,1,1,LM,100,0.0,0.0,17.0,0.0019096705000265501,8.631009736870254e-05,7.560941772822271e-13
NearSing,1e-10,1,1,LM-N,100,0.0,0.01,18.0,0.0020898989999977857,6.472682705377375e-05,1.5427401805620285e-13
NearSing,1e-10,1,1,LU,100,0.85,0.44,20.0,0.0020442384999910246,1.0970207744431804e-06,1.150813816979282e-22
NearSing,1e-10,1,1,TSVD,100,1.0,0.0,13.0,0.0013771325000107026,7.517295782477618e-05,2.1616827934893372e-13
NearSing,1e-10,2,1,LM,100,0.0,0.0,200.0,0.022258821500031445,3.5507183440518943,47.318153153857544
NearSing,1e-10,2,1,LM-N,100,0.0,0.02,15.5,0.0019348660000559903,6.241870868889388e-05,1.694200335577989e-13
NearSing,1e-10,2,1,LU,100,1.0,0.4,17.0,0.0018063154999481412,1.0970212252492395e-06,1.1460278936871357e-22
NearSing,1e-10,2,1,TSVD,100,1.0,0.0,10.0,0.001174729500007743,5.9350542106151316e-05,1.0761049197250916e-13
NearSing,1e-08,0,0,LM,100,0.0,0.01,28.0,0.0015636980000408585,3.834676079472743e-05,2.796857853660427e-13
NearSing,1e-08,0,0,LM-N,100,0.0,0.01,28.0,0.0017275860000154353,3.834676079472743e-05,2.796857853660427e-13
NearSing,1e-08,0,0,LU,100,0.73,1.0,30.0,0.001239053500000864,1.1102230246251565e-08,1.1102230024206962e-16
NearSing,1e-08,0,0,TSVD,100,1.0,0.0,25.0,0.0011300900000037473,7.32833277092837e-05,5.632371407986722e-13
NearSing,1e-08,0,1,LM,100,0.0,0.01,19.0,0.0020406275000368623,3.397150730211074e-05,2.480934833010552e-13
NearSing,1e-08,0,1,LM-N,100,0.0,0.02,20.0,0.0023849750000408676,3.261021593392588e-05,1.97951558427237e-13
NearSing,1e-08,0,1,LU,100,0.99,1.0,19.5,0.0017993225000054736,0.0,0.0
NearSing,1e-08,0,1,TSVD,100,1.0,0.0,16.0,0.0017036794999967242,5.738253591230924e-05,3.8143001225823256e-13
NearSing,1e-08,1,0,LM,100,0.0,0.0,21.0,0.0017720035000365897,3.5202236489784156e-05,2.941927414514921e-13
NearSing,1e-08,1,0,LM-N,100,0.0,0.0,22.0,0.002067940000017643,3.898739646801541e-05,4.790219621570982e-13
NearSing,1e-08,1,0,LU,100,0.92,1.0,22.0,0.0015768164999485634,1.1102230246251565e-08,2.859057345925168e-25
NearSing,1e-08,1,0,TSVD,100,1.0,0.0,18.5,0.0012341944999434418,6.78960640875248e-05,4.95979412644969e-13
NearSing,1e-08,1,1,LM,100,0.0,0.0,17.0,0.0020338040000638102,6.293550676789161e-05,5.527053238424998e-13
NearSing,1e-08,1,1,LM-N,100,0.0,0.01,18.5,0.002360868999971899,3.597018851525524e-05,2.1757839851410413e-13
NearSing,1e-08,1,1,LU,100,0.97,1.0,15.0,0.0014929595000126028,1.1102230246251565e-08,2.859057345925168e-25
NearSing,1e-08,1,1,TSVD,100,1.0,0.0,13.0,0.0013879460000225663,4.9564998506945734e-05,3.087814912656656e-13
NearSing,1e-08,2,1,LM,100,0.0,0.01,200.0,0.022387954000009813,4.428442649213183,93.51064105389356
NearSing,1e-08,2,1,LM-N,100,0.0,0.01,15.5,0.0018961695000143663,3.359469613589683e-05,1.9839685450051547e-13
NearSing,1e-08,2,1,LU,100,0.98,1.0,13.0,0.0013418980000210468,0.0,0.0
NearSing,1e-08,2,1,TSVD,100,1.0,0.02,10.0,0.0011954354999943462,2.048066366444612e-05,1.0690643971595043e-13
NearSing,1e-06,0,0,LM,100,1.0,1.0,26.0,0.001364631999933863,1.1102224695136442e-10,1.1102230244959233e-16
NearSing,1e-06,0,0,LM-N,100,1.0,1.0,26.0,0.0016154085000152918,1.1102224695136442e-10,1.1102230244959233e-16
NearSing,1e-06,0,0,LU,100,1.0,1.0,23.0,0.000928662499973143,1.1102241348481812e-10,1.292332861560949e-26
NearSing,1e-06,0,0,TSVD,100,1.0,1.0,23.0,0.0010341434999645571,1.1102241348481812e-10,1.292332861560949e-26
NearSing,1e-06,0,1,LM,100,1.0,1.0,18.0,0.001909821000026568,1.1102230246251565e-10,1.1102230246251565e-16
NearSing,1e-06,0,1,LM-N,100,1.0,1.0,19.0,0.0022042255000087607,1.110220249067595e-10,1.1102230244959233e-16
NearSing,1e-06,0,1,LU,100,1.0,1.0,15.0,0.0013988740000172584,1.1102241348481812e-10,1.292332861560949e-26
NearSing,1e-06,0,1,TSVD,100,1.0,1.0,16.0,0.0015637010000091323,5.551120674240906e-11,6.461664307804745e-27
NearSing,1e-06,1,0,LM,100,1.0,1.0,20.0,0.0016992055000173423,1.1102230246251565e-10,1.1102230244959233e-16
NearSing,1e-06,1,0,LM-N,100,0.96,0.96,21.5,0.0019379160000312368,1.1102230246251565e-10,1.1102230246251565e-16
NearSing,1e-06,1,0,LU,100,1.0,1.0,17.0,0.0012087515000303029,1.1102241348481812e-10,1.292332861560949e-26
NearSing,1e-06,1,0,TSVD,100,1.0,1.0,17.0,0.0011046760000112954,1.1102241348481812e-10,1.292332861560949e-26
NearSing,1e-06,1,1,LM,100,0.59,0.59,16.0,0.0018027360000019144,2.2204482696963623e-10,4.440892098500626e-16
NearSing,1e-06,1,1,LM-N,100,0.99,0.99,17.0,0.0020026645000257304,1.1102219144021319e-10,1.1102230244959233e-16
NearSing,1e-06,1,1,LU,100,1.0,1.0,12.0,0.0011689895000017714,1.1102241348481812e-10,1.292332861560949e-26
NearSing,1e-06,1,1,TSVD,100,1.0,1.0,12.0,0.001286544999970829,1.1102241348481812e-10,1.292332861560949e-26
NearSing,1e-06,2,1,LM,100,0.22,0.22,200.0,0.021713997000006202,2.4142666577132896,2.4645692602007188
NearSing,1e-06,2,1,LM-N,100,0.96,0.96,16.0,0.001937547500006076,5.551137327586275e-11,1.1102230244959233e-16
NearSing,1e-06,2,1,LU,100,1.0,1.0,11.0,0.0010516394999626755,1.1102241348481812e-10,1.292332861560949e-26
NearSing,1e-06,2,1,TSVD,100,1.0,1.0,11.0,0.0011682210000003579,1.1102241348481812e-10,1.292332861560949e-26
NearSing,0.0001,0,0,LM,100,1.0,1.0,20.0,0.0012046450000298137,0.0,0.0
NearSing,0.0001,0,0,LM-N,100,1.0,1.0,20.0,0.0013174035000247386,0.0,0.0
NearSing,0.0001,0,0,LU,100,1.0,1.0,18.0,0.0007690260000003946,1.110334046927619e-12,1.3684555315672042e-36
NearSing,0.0001,0,0,TSVD,100,1.0,1.0,18.0,0.0008722974999955113,1.110334046927619e-12,1.3684555315672042e-36
NearSing,0.0001,0,1,LM,100,1.0,1.0,14.0,0.001547209000023031,1.1102785357763878e-12,1.3684555315672042e-36
NearSing,0.0001,0,1,LM-N,100,1.0,1.0,15.0,0.0017677409999805604,0.0,0.0
NearSing,0.0001,0,1,LU,100,1.0,1.0,12.0,0.0011708929999940665,1.110334046927619e-12,1.3684555315672042e-36
NearSing,0.0001,0,1,TSVD,100,1.0,1.0,12.0,0.0013190770000051089,1.110334046927619e-12,1.3684555315672042e-36
NearSing,0.0001,1,0,LM,100,1.0,1.0,15.0,0.0013505450000366181,0.0,0.0
NearSing,0.0001,1,0,LM-N,100,0.95,0.95,16.0,0.0015511655000182145,0.0,0.0
NearSing,0.0001,1,0,LU,100,1.0,1.0,13.0,0.000997124500031532,1.1102230246251565e-12,1.3684555315672042e-36
NearSing,0.0001,1,0,TSVD,100,1.0,1.0,13.0,0.0009529870000051233,1.1102230246251565e-12,1.3684555315672042e-36
NearSing,0.0001,1,1,LM,100,0.61,0.61,11.0,0.001420559499990759,1.1104450692300816e-12,1.0947644252537633e-35
NearSing,0.0001,1,1,LM-N,100,0.99,0.99,13.5,0.0016824315000008028,1.1102230246251565e-12,1.3684555315672042e-36
NearSing,0.0001,1,1,LU,100,1.0,1.0,10.0,0.0009841039999969325,1.110334046927619e-12,1.3684555315672042e-36
NearSing,0.0001,1,1,TSVD,100,1.0,1.0,10.0,0.0010856799999601208,5.551115123125783e-13,6.842277657836021e-37
NearSing,0.0001,2,1,LM,100,0.21,0.21,200.0,0.023054830500029766,4.4378081947972765,94.13982271071863
NearSing,0.0001,2,1,LM-N,100,0.99,0.99,13.0,0.0016827599999942322,0.0,0.0
NearSing,0.0001,2,1,LU,100,1.0,1.0,9.0,0.000935799999979281,1.110334046927619e-12,1.3684555315672042e-36
NearSing,0.0001,2,1,TSVD,100,1.0,1.0,9.0,0.0010292339999864453,0.0,0.0
NearSing,0.01,0,0,LM,100,1.0,1.0,15.0,0.0008045014999993327,0.0,0.0
NearSing,0.01,0,0,LM-N,100,1.0,1.0,15.0,0.0008966295000050195,0.0,0.0
NearSing,0.01,0,0,LU,100,1.0,1.0,12.0,0.0005067879999955949,0.0,0.0
NearSing,0.01,0,0,TSVD,100,1.0,1.0,12.0,0.0005804269999316602,1.1102230246251565e-14,1.3684555315672042e-42
NearSing,0.01,0,1,LM,100,1.0,1.0,10.0,0.0010569899999950394,0.0,0.0
NearSing,0.01,0,1,LM-N,100,1.0,1.0,12.0,0.0013069345000076282,0.0,0.0
NearSing,0.01,0,1,LU,100,1.0,1.0,8.0,0.0007849905000512081,0.0,0.0
NearSing,0.01,0,1,TSVD,100,1.0,1.0,8.0,0.0008922944999767424,1.1213252548714081e-14,1.3684555315672042e-42
NearSing,0.01,1,0,LM,100,1.0,1.0,11.0,0.0009638029999905484,0.0,0.0
NearSing,0.01,1,0,LM-N,100,1.0,1.0,12.0,0.0011103260000027149,1.1102230246251565e-14,1.3684555315672042e-42
NearSing,0.01,1,0,LU,100,1.0,1.0,9.0,0.0006668709999644307,0.0,0.0
NearSing,0.01,1,0,TSVD,100,1.0,1.0,9.0,0.0006275669999808997,5.551115123125783e-15,6.842277657836021e-43
NearSing,0.01,1,1,LM,100,0.51,0.51,10.0,0.001494717499952003,2.2426505097428162e-14,1.1102230246251565e-16
NearSing,0.01,1,1,LM-N,100,0.96,0.96,12.0,0.0014927569999940715,0.0,0.0
NearSing,0.01,1,1,LU,100,1.0,1.0,7.0,0.0006775840000159405,1.1102230246251565e-14,1.3684555315672042e-42
NearSing,0.01,1,1,TSVD,100,1.0,1.0,7.0,0.0007745824999574324,1.1213252548714081e-14,1.3684555315672042e-42
NearSing,0.01,2,1,LM,100,0.17,0.17,200.0,0.022152239000035934,4.436522802401946,94.09301227287747
NearSing,0.01,2,1,LM-N,100,1.0,1.0,10.5,0.001319159500042133,0.0,0.0
NearSing,0.01,2,1,LU,100,1.0,1.0,6.0,0.0006633195000063097,0.0,0.0
NearSing,0.01,2,1,TSVD,100,1.0,1.0,6.0,0.0007371549999675153,0.0,0.0
Powell,,0,0,LM,100,0.0,1.0,36.0,0.0020574559999886333,3.9576320317912e-09,1.9346748894951863e-17
Powell,,0,0,LM-N,100,0.0,1.0,36.0,0.0023342994999779876,3.9576320317912e-09,1.9346748894951863e-17
Powell,,0,0,LU,100,1.0,1.0,42.0,0.001752701999976125,6.564202499883628e-13,9.845373934750788e-25
Powell,,0,0,TSVD,100,1.0,1.0,97.5,0.004582368000001225,3.094806695222886e-08,1.1520436727404008e-15
Powell,,0,1,LM,100,0.06,1.0,22.0,0.0025321640000015577,3.923247607932074e-09,2.2963869232174022e-17
Powell,,0,1,LM-N,100,0.0,0.99,26.0,0.003059641000049851,3.6713593580728827e-09,2.0060562671281156e-17
Powell,,0,1,LU,100,1.0,1.0,27.0,0.002583596999954807,3.026976299917315e-13,2.040116861428772e-25
Powell,,0,1,TSVD,100,1.0,1.0,76.5,0.007822816999976112,2.5355987904646115e-08,7.931694744953151e-16
Powell,,1,0,LM,100,0.0,0.99,26.0,0.0023655305000147564,4.02582224663064e-09,2.3475423296645816e-17
Powell,,1,0,LM-N,100,0.0,0.95,28.0,0.002696062999973492,4.2199134898423904e-09,2.679129605214425e-17
Powell,,1,0,LU,100,1.0,1.0,30.0,0.0022231485000361317,3.8895218839108867e-13,3.420610543811516e-25
Powell,,1,0,TSVD,100,1.0,1.0,80.5,0.0057313604999649215,2.7849201872549962e-08,9.32873399041719e-16
Powell,,1,1,LM,100,0.0,0.0,200.0,0.022700265500020578,17.898701817657106,2299.214147483034
Powell,,1,1,LM-N,100,0.0,1.0,22.0,0.002770453999971778,3.584603827822184e-09,1.9487644123051653e-17
Powell,,1,1,LU,100,1.0,1.0,22.0,0.00223116650005295,1.3509940300429667e-13,4.148091872778287e-26
Powell,,1,1,TSVD,100,1.0,1.0,15.0,0.0019084869999801413,2.166805043261099e-08,7.496339140680634e-16
Powell,,2,1,LM,100,0.0,0.0,200.0,0.023191230000009,4.153726221930968,66.18992409236915
Powell,,2,1,LM-N,100,0.0,1.0,21.0,0.002632499000014832,3.371849679937892e-09,2.0610969450868896e-17
Powell,,2,1,LU,100,1.0,1.0,19.5,0.002037311000037789,1.1609841352191525e-13,3.5095451884986097e-26
Powell,,2,1,TSVD,100,1.0,1.0,14.0,0.0018155894999836164,2.1414569553380443e-08,6.0796950139560675e-16
