eps,p,q,rtol,runs,accurate_rate,converged_rate,med_fwd_error
0.0001,0,0,0.0001,100,0.0,0.0,0.007347140056545909
0.0001,0,0,1e-06,100,1.0,1.0,1.1102230246251565e-12
0.0001,0,0,1e-08,100,1.0,1.0,1.1102230246251565e-12
0.0001,0,0,1e-10,100,1.0,1.0,1.1102230246251565e-12
0.0001,0,0,1e-12,100,1.0,1.0,1.1102230246251565e-12
0.0001,0,0,1e-14,100,1.0,1.0,1.1102230246251565e-12
0.0001,1,1,0.0001,100,0.0,0.0,0.00411572664624027
0.0001,1,1,1e-06,100,1.0,1.0,1.110334046927619e-12
0.0001,1,1,1e-08,100,1.0,1.0,1.110334046927619e-12
0.0001,1,1,1e-10,100,1.0,1.0,1.110334046927619e-12
0.0001,1,1,1e-12,100,1.0,1.0,1.110334046927619e-12
0.0001,1,1,1e-14,100,1.0,1.0,1.110334046927619e-12
1e-06,0,0,0.0001,100,0.0,0.0,0.009545501599638628
1e-06,0,0,1e-06,100,0.0,0.0,0.000694284651449717
1e-06,0,0,1e-08,100,1.0,1.0,1.1102241348481812e-10
1e-06,0,0,1e-10,100,1.0,1.0,1.1102241348481812e-10
1e-06,0,0,1e-12,100,1.0,1.0,1.1102241348481812e-10
1e-06,0,0,1e-14,100,1.0,1.0,1.1102241348481812e-10
1e-06,1,1,0.0001,100,0.0,0.0,0.0070063884602062365
1e-06,1,1,1e-06,100,0.0,0.0,0.00047783999995171245
1e-06,1,1,1e-08,100,1.0,1.0,1.1102241348481812e-10
1e-06,1,1,1e-10,100,1.0,1.0,1.1102241348481812e-10
1e-06,1,1,1e-12,100,1.0,1.0,1.1102241348481812e-10
1e-06,1,1,1e-14,100,1.0,1.0,1.1102241348481812e-10
1e-08,0,0,0.0001,100,0.0,0.0,0.009484003614021241
1e-08,0,0,1e-06,100,0.0,0.0,0.00092425393951584
1e-08,0,0,1e-08,100,0.0,1.0,7.55513816025899e-05
1e-08,0,0,1e-10,100,1.0,1.0,0.0
1e-08,0,0,1e-12,100,1.0,1.0,0.0
1e-08,0,0,1e-14,100,1.0,1.0,0.0
1e-08,1,1,0.0001,100,0.0,0.0,0.007012324149642812
1e-08,1,1,1e-06,100,0.0,0.0,0.0007912926115816177
1e-08,1,1,1e-08,100,0.0,1.0,4.917786667513191e-05
1e-08,1,1,1e-10,100,1.0,1.0,0.0
1e-08,1,1,1e-12,100,1.0,1.0,0.0
1e-08,1,1,1e-14,100,1.0,1.0,0.0
1e-10,0,0,0.0001,100,0.0,0.0,0.00936529876130271
1e-10,0,0,1e-06,100,0.0,0.0,0.0009401694487684575
1e-10,0,0,1e-08,100,0.0,1.0,9.7083981551227e-05
1e-10,0,0,1e-10,100,0.0,1.0,7.132651898777986e-06
1e-10,0,0,1e-12,100,0.52,1.0,0.0
1e-10,0,0,1e-14,100,0.52,1.0,0.0
1e-10,1,1,0.0001,100,0.0,0.0,0.007070388268655525
1e-10,1,1,1e-06,100,0.0,0.0,0.0007502912380386029
1e-10,1,1,1e-08,100,0.0,1.0,7.684202796481854e-05
1e-10,1,1,1e-10,100,0.07,1.0,3.839132482252872e-06
1e-10,1,1,1e-12,100,0.42,1.0,1.0970207776628271e-06
1e-10,1,1,1e-14,100,0.42,1.0,1.0970207776628271e-06
